0,こんにちは,true,Default Category,こんにちは,
1,こんばんは,true,Default Category,こんばんは,
2,おはよう,false,Default Category,おはようございます,
3,Hello,false,Default Category,Hello!,
4,test,false,Default Category,tatatatatatatattatatatat,
5,aaaaaaaaaaaa,false,Default Category,aaaaaaaaaaaaaaaaaa,
6,yt67r5tdcfvgygu6t5frv,false,Default Category,98765ewer567876543,
7,aaaaaaaaaaaaaaaaaa,false,Default Category,98765ewer567876543,
8,aaaaaaaaaaaaaaaaaa,false,Default Category,ccccccccccccccccccc,
9,qqaaaaaaaaaaaaaaaa,false,Default Category,wssssssddddxxxcccc,
10,aaaaaaaaaaaaaaaaaaaaaaaaaaaaaaaaaaaaaaaaa,false,Default Category,aaaaaaaaaaaaaaaaaaaaaaaaaaaaaaaaaaaaaaaaa,
11,aaaaaaaaaaaaaaaaaaaaaaaaaaaaaaaaaaa,false,Default Category,aaaaaaaaaaaaaaaaaaaaaa,
12,ssss,false,Default Category,asjioxssssssssssssssssssssssssssssss,
13,aaaa,false,Default Category,ssssssssssssssssssssssssssssssssssssssssssssssssssssssssss,
11,sssssssssssss,false,Default Category,ssssssssssssss,
